auc,std_auc,type
0.549981422657303,0.026951317154866483,2022-01-06_11-03-43_nocdr3dup_default_epgrouped5cv
